{"cameraMode":{"drawMode":0,"name":"Shaded","section":"Shading Mode"},"sceneLighting":false,"audioPlay":false,"sceneViewState":{"m_AlwaysRefresh":false,"showFog":true,"showSkybox":false,"showFlares":true,"showImageEffects":true,"showParticleSystems":true,"showVisualEffectGraphs":true,"m_FxEnabled":true},"in2DMode":false,"pivot":{"x":0.0779377743601799,"y":1.4072566032409669,"z":0.7372556328773499},"rotation":{"x":-0.037574250251054767,"y":-0.9566704034805298,"z":0.14342136681079865,"w":-0.2506154775619507},"size":1.7660253047943116,"orthographic":false}