{"cameraMode":{"drawMode":0,"name":"Shaded","section":"Shading Mode"},"sceneLighting":false,"audioPlay":false,"sceneViewState":{"m_AlwaysRefresh":false,"showFog":true,"showSkybox":false,"showFlares":true,"showImageEffects":true,"showParticleSystems":true,"showVisualEffectGraphs":true,"m_FxEnabled":true},"in2DMode":false,"pivot":{"x":-0.3607842028141022,"y":2.179537534713745,"z":-3.410851240158081},"rotation":{"x":0.16010281443595887,"y":0.013632436282932759,"z":-0.0022102342918515207,"w":0.9870077967643738},"size":2.3675529956817629,"orthographic":false}