{"cameraMode":{"drawMode":0,"name":"Shaded","section":"Shading Mode"},"sceneLighting":true,"audioPlay":false,"sceneViewState":{"m_AlwaysRefresh":false,"showFog":true,"showSkybox":true,"showFlares":true,"showImageEffects":true,"showParticleSystems":true,"showVisualEffectGraphs":true,"m_FxEnabled":true},"in2DMode":false,"pivot":{"x":201.23995971679688,"y":21.623714447021486,"z":236.61590576171876},"rotation":{"x":-0.09318254142999649,"y":-0.5039336681365967,"z":0.05479315668344498,"w":-0.8569563627243042},"size":52.21260070800781,"orthographic":false}