{"cameraMode":{"drawMode":0,"name":"Shaded","section":"Shading Mode"},"sceneLighting":true,"audioPlay":false,"sceneViewState":{"m_AlwaysRefresh":false,"showFog":true,"showSkybox":true,"showFlares":true,"showImageEffects":true,"showParticleSystems":true,"showVisualEffectGraphs":true,"m_FxEnabled":true},"in2DMode":false,"pivot":{"x":0.7030953168869019,"y":1.2021031379699708,"z":0.2724738121032715},"rotation":{"x":-0.0765848383307457,"y":-0.062179211527109149,"z":0.004784787073731422,"w":-0.9951128363609314},"size":5.066025733947754,"orthographic":false}