{"cameraMode":{"drawMode":0,"name":"Shaded","section":"Shading Mode"},"sceneLighting":true,"audioPlay":false,"sceneViewState":{"m_AlwaysRefresh":false,"showFog":true,"showSkybox":true,"showFlares":true,"showImageEffects":true,"showParticleSystems":true,"showVisualEffectGraphs":true,"m_FxEnabled":true},"in2DMode":false,"pivot":{"x":193.66331481933595,"y":7.795949935913086,"z":252.99380493164063},"rotation":{"x":0.03955034539103508,"y":0.42913705110549929,"z":-0.01880871132016182,"w":0.9021705389022827},"size":5.366025924682617,"orthographic":false}