{"cameraMode":{"drawMode":0,"name":"Shaded","section":"Shading Mode"},"sceneLighting":true,"audioPlay":false,"sceneViewState":{"m_AlwaysRefresh":false,"showFog":true,"showSkybox":true,"showFlares":true,"showImageEffects":true,"showParticleSystems":true,"showVisualEffectGraphs":true,"m_FxEnabled":true},"in2DMode":false,"pivot":{"x":187.0584259033203,"y":5.2947893142700199,"z":256.7848815917969},"rotation":{"x":-0.01176469400525093,"y":0.45211800932884219,"z":0.005965647753328085,"w":0.891867458820343},"size":4.8064494132995609,"orthographic":false}